{
  "t": [
    "15:26:52.058085",
    "15:26:52.108085",
    "15:26:52.158085",
    "15:26:52.208085",
    "15:26:52.258085",
    "15:26:52.308085",
    "15:26:52.358085",
    "15:26:52.408085",
    "15:26:52.458085",
    "15:26:52.508085"
  ],
  "Presion": [
    -9.797174393178826e-15,
    6.27672765822755,
    12.514757203218458,
    18.675629108472457,
    24.721359549995817,
    30.614674589207173,
    36.31923997916377,
    41.799885177275954,
    47.02282018339787,
    51.95584386641471,
    56.56854249492384,
    60.83247724800253,
    64.72135954999584,
    68.21121314832739,
    71.28052193506946,
    73.91036260090297,
    76.0845213036123,
    77.78959363181413,
    79.01506724761103,
    79.75338669865025,
    80.0,
    79.75338669865023,
    79.015067247611,
    77.78959363181409,
    76.08452130361225,
    73.9103626009029,
    71.28052193506937,
    68.21121314832729,
    64.72135954999571,
    60.83247724800242,
    56.56854249492372,
    51.95584386641457,
    47.02282018339769,
    41.79988517727577,
    36.31923997916357,
    30.61467458920697,
    24.72135954999561,
    18.67562910847228,
    12.514757203218279,
    6.276727658227367,
    -0.0,
    -6.2573786016092345,
    -12.360679774997896,
    -18.159619989581874,
    -23.511410091698927,
    -28.2842712474619,
    -32.3606797749979,
    -35.640260967534715,
    -38.04226065180614,
    -39.507533623805514,
    -40.0,
    -39.50753362380551,
    -38.04226065180614,
    -35.640260967534715,
    -32.3606797749979,
    -28.284271247461902,
    -23.51141009169893,
    -18.15961998958186,
    -12.3606797749979,
    -6.257378601609239
  ],
  "Flujo": [
    11.313708498984768,
    12.166495449600507,
    12.944271909999166,
    13.642242629665478,
    14.256104387013892,
    14.782072520180595,
    15.21690426072246,
    15.557918726362827,
    15.803013449522206,
    15.95067733973005
  ],
  "Volumen": [
    -1.9594348786357652e-14,
    12.5534553164551,
    25.029514406436917,
    37.35125821694491,
    49.442719099991635,
    61.229349178414346,
    72.63847995832754,
    83.59977035455191,
    94.04564036679574,
    103.91168773282942,
    113.13708498984768,
    121.66495449600507,
    129.44271909999168,
    136.42242629665478,
    142.56104387013892,
    147.82072520180594,
    152.1690426072246,
    155.57918726362826,
    158.03013449522206,
    159.5067733973005,
    160.0,
    159.50677339730046,
    158.030134495222,
    155.57918726362817,
    152.1690426072245,
    147.8207252018058,
    142.56104387013875,
    136.42242629665458,
    129.44271909999142,
    121.66495449600484,
    113.13708498984744,
    103.91168773282914,
    94.04564036679538,
    83.59977035455154,
    72.63847995832714,
    61.22934917841394,
    49.44271909999122,
    37.35125821694456,
    25.029514406436558,
    12.553455316454734,
    -0.0,
    -12.514757203218469,
    -24.721359549995793,
    -36.31923997916375,
    -47.022820183397855,
    -56.5685424949238,
    -64.7213595499958,
    -71.28052193506943,
    -76.08452130361228,
    -79.01506724761103,
    -80.0,
    -79.01506724761101,
    -76.08452130361228,
    -71.28052193506943,
    -64.7213595499958,
    -56.568542494923804,
    -47.02282018339786,
    -36.31923997916372,
    -24.7213595499958,
    -12.514757203218478
  ],
  "Ppico": 15,
  "Pprom": 2,
  "Ppeep": 4,
  "Ti": 0.5900000000000001,
  "FIO2": 60,
  "IE": "1:1.03",
  "Textview": 17,
  "MVi": 6.8999999999999995,
  "MVe": 6.5,
  "VTi": 8,
  "VTe": 23,
  "Control mode": 1,
  "Control volumen": 480,
  "Control BPM": 28,
  "Control IE": "1:1.03",
  "Control FIO2": 60,
  "Control PEEP": 4
}
